<?xml version="1.0"?><?mso-infoPathSolution name="urn:schemas-microsoft-com:office:infopath:Solicitud-Gastos-de-Viaje:-myXSD-2016-03-23T21-13-30" solutionVersion="1.0.0.2549" productVersion="16.0.0.0" PIVersion="1.0.0.0" href="https://redsis.sharepoint.com/sites/IntranetRedsis/BblSolicitudGastosViaje/Forms/template.xsn"?><?mso-application progid="InfoPath.Document" versionProgid="InfoPath.Document.4"?><my:myFields xmlns:xsi="http://www.w3.org/2001/XMLSchema-instance" xmlns:pc="http://schemas.microsoft.com/office/infopath/2007/PartnerControls" xmlns:ma="http://schemas.microsoft.com/office/2009/metadata/properties/metaAttributes" xmlns:d="http://schemas.microsoft.com/office/infopath/2009/WSSList/dataFields" xmlns:q="http://schemas.microsoft.com/office/infopath/2009/WSSList/queryFields" xmlns:dfs="http://schemas.microsoft.com/office/infopath/2003/dataFormSolution" xmlns:dms="http://schemas.microsoft.com/office/2009/documentManagement/types" xmlns:xhtml="http://www.w3.org/1999/xhtml" xmlns:tns="http://microsoft.com/webservices/SharePointPortalServer/UserProfileService" xmlns:s1="http://microsoft.com/wsdl/types/" xmlns:http="http://schemas.xmlsoap.org/wsdl/http/" xmlns:tm="http://microsoft.com/wsdl/mime/textMatching/" xmlns:soap="http://schemas.xmlsoap.org/wsdl/soap/" xmlns:soapenc="http://schemas.xmlsoap.org/soap/encoding/" xmlns:mime="http://schemas.xmlsoap.org/wsdl/mime/" xmlns:soap12="http://schemas.xmlsoap.org/wsdl/soap12/" xmlns:wsdl="http://schemas.xmlsoap.org/wsdl/" xmlns:my="http://schemas.microsoft.com/office/infopath/2003/myXSD/2016-03-23T21:13:30" xmlns:xd="http://schemas.microsoft.com/office/infopath/2003" xml:lang="es-ES">
	<my:Generales>
		<my:FechaSolicitud>2018-01-16</my:FechaSolicitud>
		<my:CiudadDestino>Bogota</my:CiudadDestino>
		<my:PaisDestino>Colombia</my:PaisDestino>
		<my:FechaViaje>2018-01-23</my:FechaViaje>
		<my:FechaRegreso>2018-01-25</my:FechaRegreso>
		<my:Moneda>Colombia</my:Moneda>
		<my:ValorGastos></my:ValorGastos>
		<my:NombreSolicitante>
			
		<pc:Person xmlns:pc="http://schemas.microsoft.com/office/infopath/2007/PartnerControls"><pc:DisplayName>Karen Munoz</pc:DisplayName><pc:AccountId>i:0#.f|membership|kmunoz@redsis.com</pc:AccountId><pc:AccountType>User</pc:AccountType></pc:Person></my:NombreSolicitante>
		<my:CiudadOrigen>Barranquilla</my:CiudadOrigen>
	</my:Generales>
	<my:Distribucion>
		<my:CentroOperacion>002 Bogotá</my:CentroOperacion>
		<my:UnidadNegocio>01 Administración</my:UnidadNegocio>
		<my:CentroCosto>201010 Gastos administrativos</my:CentroCosto>
		<my:Porcentaje>100</my:Porcentaje>
	</my:Distribucion>
	<my:DescripcionGasto>
		<my:HospedajeMoneda>COP</my:HospedajeMoneda>
		<my:HospedajeValor xsi:nil="true"></my:HospedajeValor>
		<my:TaxiValor>120000</my:TaxiValor>
		<my:TaxiMoneda>COP</my:TaxiMoneda>
		<my:AlimentacionValor>65000</my:AlimentacionValor>
		<my:GasolinaValor xsi:nil="true"></my:GasolinaValor>
		<my:AlimentacionMoneda>COP</my:AlimentacionMoneda>
		<my:GasolinaMoneda>COP</my:GasolinaMoneda>
		<my:Otro></my:Otro>
		<my:OtroValor xsi:nil="true"></my:OtroValor>
		<my:OtroMoneda>COP</my:OtroMoneda>
		<my:TotalGastos>185000</my:TotalGastos>
		<my:TotalGastosMoneda>COP</my:TotalGastosMoneda>
	</my:DescripcionGasto>
	<my:DetalleViaje>
		<my:ClienteDetalle></my:ClienteDetalle>
		<my:Actividades></my:Actividades>
		<my:Hrs xsi:nil="true"></my:Hrs>
		<my:Acta>Seleccione</my:Acta>
	</my:DetalleViaje>
	<my:Observaciones></my:Observaciones>
	<my:NombreFormulario>SG-17-000446</my:NombreFormulario>
	<my:EstadoF>E</my:EstadoF>
	<my:Botones></my:Botones>
	<my:campo1 my:campo2="Códigos Eventos">https://redsis.sharepoint.com/Mercadeo/_layouts/15/WopiFrame.aspx?sourcedoc={21568946-0458-45FC-B2E2-B45B0251141A}&amp;amp;file=Codificaci%C3%B3n%20Eventos%20y%20Campa%C3%B1as%20Mercadeo%202016.xlsx&amp;amp;action=default</my:campo1>
	<my:Formulario>Gastos de Viaje</my:Formulario>
	<my:campo3></my:campo3>
	<my:campo4>SG-17-0000446</my:campo4>
	<my:Estado0></my:Estado0>
	<my:IdBorrador></my:IdBorrador>
	<my:TextoAceptacion>i. El empleado manifiesta haber recibido el anticipo de la suma arriba mencionada y se compromete a legalizar los correspondientes gastos, dentro de las políticas de la compañía, con los correspondientes soportes de gastos dentro de los (8) días calendarios siguientes a la fecha de regreso.

ii. Vencido el anterior termino sin que el empleado hubiese hecho la correspondiente legalización la empresa queda expresamente autorizada para descontar de sus salarios y prestaciones sociales dicha suma, así como aquellos que no fueren justificados de acuerdo a la política de la empresa, que el empleado manifiesta conocer.

iii. En caso de terminación del contrato por cualquier causa, sin que se hubiere hecho la correspondiente legalización, el empleado manifiesta que autoriza expresamente a la empresa para que se descuente el saldo del anticipo no legalizado, cuando haya lugar al mismo, sobre salarios, prestaciones sociales, vacaciones, auxilios, beneficios, indemnizaciones, entre otros, a los que tenga derecho al momento de la terminación.</my:TextoAceptacion>
	<my:FirmaSolicitante></my:FirmaSolicitante>
	<my:Estado>En revisión</my:Estado>
	<my:Error></my:Error>
	<my:Consecutivo>446</my:Consecutivo>
	<my:ComentarioApr>   </my:ComentarioApr>
	<my:EstadoT>P</my:EstadoT>
	<my:FechaVencimiento>2018-01-24</my:FechaVencimiento>
	<my:ComentarioAprobador></my:ComentarioAprobador>
	<my:Visitante>Karen Paola Muñoz Alvarez</my:Visitante>
	<my:Solicitante>kmunoz</my:Solicitante>
	<my:Aprobador>eflorez@redsis.com</my:Aprobador>
	<my:Notificado></my:Notificado>
	<my:SolicitadoPor>kmunoz</my:SolicitadoPor>
	<my:AceptarTerminos>true</my:AceptarTerminos>
	<my:FechaCreacion>2018-01-16</my:FechaCreacion>
	<my:HoraCreacion>17:51:36</my:HoraCreacion>
	<my:TotalPorcentaje>100</my:TotalPorcentaje>
	<my:Pregunta>No</my:Pregunta>
	<my:SeccionMotivoViaje>
		<my:MotivoViaje>Otro</my:MotivoViaje>
	</my:SeccionMotivoViaje>
	<my:CualEsElMotivoDeViaje>
		<my:Cual>Induccion - reinduccion al SG-SST , encuesta riesgo psicosocial.</my:Cual>
	</my:CualEsElMotivoDeViaje>
	<my:SeccionNroPedido>
		<my:NroPedido>0</my:NroPedido>
	</my:SeccionNroPedido>
	<my:SeccionCodigoEventoSRR>
		<my:PedidoEventoProyecto>0</my:PedidoEventoProyecto>
	</my:SeccionCodigoEventoSRR>
	<my:SeccionDistribucion></my:SeccionDistribucion>
	<my:VlrHospedajeAprobado xsi:nil="true"></my:VlrHospedajeAprobado>
	<my:VlrTransporteAprobado>120000</my:VlrTransporteAprobado>
	<my:VlrAlimentacionAprobado>65000</my:VlrAlimentacionAprobado>
	<my:VlrPeajesAprobado xsi:nil="true"></my:VlrPeajesAprobado>
	<my:VlrOtroAprobado xsi:nil="true"></my:VlrOtroAprobado>
	<my:VlrTotalGastosAprobados>185000</my:VlrTotalGastosAprobados>
	<my:SeccDescripcionGasto>
		<my:VlrHospedajePagado xsi:nil="true"></my:VlrHospedajePagado>
		<my:VlrTransportePagado xsi:nil="true"></my:VlrTransportePagado>
		<my:VlrAlimentacionPagado xsi:nil="true"></my:VlrAlimentacionPagado>
		<my:VlrPeajesPagado xsi:nil="true"></my:VlrPeajesPagado>
		<my:VlrOtroPagado xsi:nil="true"></my:VlrOtroPagado>
		<my:VlrTotalGastosPagado>0</my:VlrTotalGastosPagado>
	</my:SeccDescripcionGasto>
	<my:grupo4>
		<my:DetalleViaje2>
			<my:ClienteDetalle2></my:ClienteDetalle2>
			<my:Actividades2></my:Actividades2>
			<my:Hrs2 xsi:nil="true"></my:Hrs2>
			<my:Acta2>Seleccione</my:Acta2>
		</my:DetalleViaje2>
	</my:grupo4>
	<my:SeccionDetalleViaje></my:SeccionDetalleViaje>
	<my:Valido>1</my:Valido>
	<my:Revisor></my:Revisor>
	<my:Vencido></my:Vencido>
	<my:EsGerencia></my:EsGerencia>
</my:myFields>